{"cameraMode":{"drawMode":0,"name":"Shaded","section":"Shading Mode"},"sceneLighting":false,"audioPlay":false,"sceneViewState":{"m_AlwaysRefresh":false,"showFog":true,"showSkybox":true,"showFlares":true,"showImageEffects":true,"showParticleSystems":true,"showVisualEffectGraphs":true,"m_FxEnabled":true},"in2DMode":false,"pivot":{"x":-0.00976588949561119,"y":0.08778104186058045,"z":-0.013539910316467286},"rotation":{"x":0.0003416690742596984,"y":0.999000072479248,"z":-0.04379402473568916,"w":0.007793491706252098},"size":0.841259777545929,"orthographic":false}