{"cameraMode":{"drawMode":0,"name":"Shaded","section":"Shading Mode"},"sceneLighting":false,"audioPlay":false,"sceneViewState":{"m_AlwaysRefresh":false,"showFog":true,"showSkybox":true,"showFlares":true,"showImageEffects":true,"showParticleSystems":true,"showVisualEffectGraphs":true,"m_FxEnabled":true},"in2DMode":false,"pivot":{"x":-0.05128670483827591,"y":-0.01715928316116333,"z":0.023592114448547365},"rotation":{"x":-0.02130359783768654,"y":-0.018581779673695566,"z":0.0003978549793828279,"w":-0.9995757341384888},"size":0.7813881635665894,"orthographic":false}