{"cameraMode":{"drawMode":0,"name":"Shaded","section":"Shading Mode"},"sceneLighting":false,"audioPlay":false,"sceneViewState":{"m_AlwaysRefresh":false,"showFog":true,"showSkybox":true,"showFlares":true,"showImageEffects":true,"showParticleSystems":true,"showVisualEffectGraphs":true,"m_FxEnabled":true},"in2DMode":false,"pivot":{"x":0.21830296516418458,"y":-1.4952199459075928,"z":6.728755950927734},"rotation":{"x":-0.11105815321207047,"y":-0.018470805138349534,"z":0.0020670362282544376,"w":-0.9936181902885437},"size":4.050518989562988,"orthographic":false}