{"cameraMode":{"drawMode":0,"name":"Shaded","section":"Shading Mode"},"sceneLighting":false,"audioPlay":false,"sceneViewState":{"m_AlwaysRefresh":false,"showFog":true,"showSkybox":true,"showFlares":true,"showImageEffects":true,"showParticleSystems":true,"showVisualEffectGraphs":true,"m_FxEnabled":true},"in2DMode":false,"pivot":{"x":0.03702518716454506,"y":0.00866013765335083,"z":0.5903961658477783},"rotation":{"x":-0.0011951548513025046,"y":0.9946964383125305,"z":-0.10212340950965882,"w":-0.011637326329946518},"size":0.8856292366981506,"orthographic":false}