{"cameraMode":{"drawMode":0,"name":"Shaded","section":"Shading Mode"},"sceneLighting":false,"audioPlay":false,"sceneViewState":{"m_AlwaysRefresh":false,"showFog":true,"showSkybox":true,"showFlares":true,"showImageEffects":true,"showParticleSystems":true,"showVisualEffectGraphs":true,"m_FxEnabled":true},"in2DMode":false,"pivot":{"x":0.004154817201197147,"y":0.04712965711951256,"z":-0.014902472496032715},"rotation":{"x":0.0008288126555271447,"y":0.9969838857650757,"z":-0.07672909647226334,"w":0.010768973268568516},"size":0.8091779947280884,"orthographic":false}