{"cameraMode":{"drawMode":0,"name":"Shaded","section":"Shading Mode"},"sceneLighting":true,"audioPlay":false,"sceneViewState":{"m_AlwaysRefresh":false,"showFog":true,"showSkybox":true,"showFlares":true,"showImageEffects":true,"showParticleSystems":true,"showVisualEffectGraphs":true,"m_FxEnabled":true},"in2DMode":false,"pivot":{"x":0.5973246097564697,"y":1.239166259765625,"z":-1.404345989227295},"rotation":{"x":-0.06925415247678757,"y":0.00091271084966138,"z":-0.0000384121376555413,"w":-0.9975914359092712},"size":4.029195308685303,"orthographic":false}